{"Pass-Hand pass-accurate": -0.09953736278621067, "Others on the ball-Touch-assist": -0.08287244759855658, "Pass-Head pass-key pass": -0.017410422812044603, "Free Kick-Free kick cross-accurate": -0.00664360885867946, "Pass-Cross-accurate": -0.004263024236685828, "Free Kick-Throw in-accurate": -0.002025621834710233, "Pass-High pass-accurate": -0.001624435156444235, "Free Kick-Free Kick-accurate": -0.0013934060836110094, "chain-shot-participant": -0.0002846338823424113, "Duel-Ground loose ball duel-accurate": -0.0002545944803161254, "Pass-Simple pass-accurate": 7.872181175014165e-05, "Duel-Air duel-accurate": 0.0002454438844749203, "Pass-Head pass-accurate": 0.00027755606158289274, "Pass-Cross-key pass": 0.0004176511342522384, "Duel-Ground defending duel-accurate": 0.0004176541278628789, "Pass-Launch-accurate": 0.0004528523110723634, "Duel-Ground attacking duel-accurate": 0.0005487938348462238, "Others on the ball-Acceleration-accurate": 0.0014566713569951497, "chain-final-action": 0.0021751979108231966, "Free Kick-Corner-accurate": 0.0023314514012866406, "Pass-Smart pass-accurate": 0.002343019523386737, "Pass-Smart pass-assist": 0.0033432248774839172, "Others on the ball-Clearance-accurate": 0.0035221375829421722, "Shot-Shot-accurate": 0.003987314548220961, "Pass-Simple pass-key pass": 0.00519040538477655, "Others on the ball-Touch-counter attack": 0.005916662395674702, "Pass-High pass-key pass": 0.007317963398379427, "Others on the ball-Touch-opportunity": 0.013028324108623892, "Pass-Smart pass-key pass": 0.016516527579220067, "Pass-Simple pass-assist": 0.02184874111833505, "Pass-Cross-assist": 0.022093351359557506, "Pass-High pass-assist": 0.02957603756237336, "Pass-Launch-key pass": 0.03582863160978009, "Free Kick-Free kick shot-accurate": 0.056963136704133895, "Pass-Head pass-assist": 0.0660377386296261, "Free Kick-Penalty": 0.18664505721244715, "chain-goal-participant": 0.29513017484049053}