{"Others on the ball-Touch-assist": -0.08991634990825623, "Pass-Hand pass-accurate": -0.08114316615971533, "Foul-red card": -0.07639312376036991, "chain-conceded-goal": -0.06345933372812126, "chain-turnover-final-actor": -0.030966818195611326, "Others on the ball-Clearance": -0.020512974699092364, "Pass-Smart pass-assist": -0.010228074965307535, "Free Kick-Free kick shot-not accurate": -0.010055294185490816, "Free Kick-Free kick cross-accurate": -0.007357474284837471, "Foul-yellow card": -0.006306262618877227, "Free Kick-Free kick cross-not accurate": -0.006217579100008695, "Pass-Head pass-key pass": -0.005345722411839692, "Foul-second yellow card": -0.00446123059815242, "Others on the ball-Touch-dangerous ball lost": -0.0036664438119523297, "Free Kick-Penalty-not accurate": -0.003250644213475277, "Free Kick-Free Kick-accurate": -0.0030389595187231633, "Free Kick-Goal kick": -0.0029385273284250374, "Pass-Cross-accurate": -0.001994122507294994, "Foul": -0.0019010429860375053, "Shot-Shot-accurate": -0.0016069118763567722, "Shot-Shot-not accurate": -0.0015258047401127096, "Pass-High pass-not accurate": -0.0013099608606794507, "Duel-Air duel-not accurate": -0.0012048943480469294, "Pass-Cross-not accurate": -0.001055146275185681, "Duel-Ground defending duel-not accurate": -0.0009243308640732042, "Pass-High pass-accurate": -0.000796951457137368, "Free Kick-Throw in-not accurate": -0.000772368613786266, "Others on the ball-Touch-feint": -0.0007432049395555793, "Duel-Air duel-accurate": -0.0007355344635810047, "Duel-Ground attacking duel-not accurate": -0.0005950457176449674, "Duel-Ground loose ball duel-not accurate": -0.0005291136001044572, "Others on the ball-Touch-interception": -0.0004834831342545024, "Pass-Simple pass-not accurate": -0.00038472455289523033, "Others on the ball-Touch-missed ball": -0.00031131941057793196, "Duel-Ground loose ball duel-accurate": -0.0002563873603322971, "Free Kick-Throw in-accurate": -0.0002269538633907561, "Others on the ball-Touch": -0.00014647356488266502, "Duel-Ground attacking duel-accurate": -9.512565478658557e-05, "Free Kick-Corner-not accurate": -5.2905423484550645e-06, "Pass-Head pass-accurate": 3.4586144285818005e-05, "Pass-Head pass-not accurate": 7.623850837154428e-05, "Pass-Simple pass-accurate": 9.721299547880868e-05, "Duel-Ground defending duel-accurate": 0.0001010392111630434, "Pass-Launch-accurate": 0.00013114483703762896, "Pass-Smart pass-not accurate": 0.00022161004711693876, "Pass-Cross-assist": 0.0002687518341850688, "Pass-Launch-not accurate": 0.0006679301733512242, "Others on the ball-Clearance-accurate": 0.0006874613004981791, "chain-final-action": 0.0007366693572851485, "Others on the ball-Acceleration-accurate": 0.0010217497646570878, "Pass-Smart pass-accurate": 0.0012075609583733857, "Pass-Cross-key pass": 0.0014276950209875716, "Pass-Simple pass-assist": 0.001542152150825069, "Others on the ball-Clearance-not accurate": 0.0020132645127383317, "chain-shot-participant": 0.0026542847801511154, "Free Kick-Corner-accurate": 0.0036281404828462562, "chain-conceded-shot": 0.0037759773965007765, "Others on the ball-Touch-counter attack": 0.0039985826324679796, "Others on the ball-Acceleration-not accurate": 0.004799374846397119, "Pass-Simple pass-key pass": 0.006360785621739885, "Free Kick-Free Kick-not accurate": 0.006599975504299291, "Others on the ball-Touch-opportunity": 0.00807495981257501, "Pass-High pass-assist": 0.010843679515974487, "Pass-High pass-key pass": 0.012244220320591344, "Pass-Smart pass-key pass": 0.014624120252862778, "chain-turnover-precedes-goal": 0.020464483477525743, "Pass-Launch-key pass": 0.027720583314502428, "chain-turnover-precedes-shot": 0.027955912801330834, "Pass-Head pass-assist": 0.03592446770367692, "Free Kick-Free kick shot-accurate": 0.04331481347433514, "chain-goal-participant": 0.1464285770087, "Free Kick-Penalty": 0.16748982341584664}