{"Pass-Hand pass-accurate": -0.08228464633123483, "Foul-red card": -0.06772169736950141, "Foul-second yellow card": -0.024155332052007338, "Others on the ball-Touch-dangerous ball lost": -0.01915416691489953, "Others on the ball-Clearance": -0.009228970893765748, "Free Kick-Free kick cross-not accurate": -0.008285878537123724, "Free Kick-Free kick cross-accurate": -0.007846447572004181, "Free Kick-Goal kick": -0.006638236675384921, "Foul-yellow card": -0.0066001305523767555, "Duel-Air duel-not accurate": -0.005042137979405465, "Free Kick-Free Kick-accurate": -0.004241316788620605, "Foul": -0.0037434603771008515, "Duel-Air duel-accurate": -0.0036226380613946243, "Pass-Cross-accurate": -0.0029660859228932434, "Free Kick-Free kick shot-not accurate": -0.0022990703077902493, "Pass-Cross-not accurate": -0.0022132533243238027, "Others on the ball-Touch-missed ball": -0.0011601961839569149, "Others on the ball-Acceleration-not accurate": -0.0009577874003556327, "Pass-High pass-accurate": -0.0008888305317372651, "Pass-High pass-not accurate": -0.0008274235263601637, "Pass-Head pass-not accurate": -0.0006577284337144438, "Pass-Simple pass-not accurate": -0.0005939508153794983, "Others on the ball-Touch": -0.0005616343935436438, "Others on the ball-Touch-interception": -0.0004752160634045873, "Duel-Ground loose ball duel-accurate": -0.00028634515554969376, "Free Kick-Throw in-accurate": -0.00021368291776201098, "Pass-Head pass-accurate": -0.00011283792132139896, "Pass-Cross-key pass": -6.094732119884359e-05, "Shot-Shot-not accurate": 0.00016970122361578544, "Pass-Simple pass-accurate": 0.00018830556856811646, "Duel-Ground attacking duel-not accurate": 0.00020487126566431766, "Duel-Ground defending duel-not accurate": 0.0002979088239080806, "Duel-Ground attacking duel-accurate": 0.00037981235651829176, "Pass-Smart pass-not accurate": 0.0004238356324141826, "Duel-Ground defending duel-accurate": 0.00044796498165348227, "Duel-Ground loose ball duel-not accurate": 0.0006239468972915064, "Others on the ball-Clearance-accurate": 0.0006448695217216226, "Pass-High pass-key pass": 0.0006763579025271348, "Pass-Launch-accurate": 0.0007528016982390644, "Free Kick-Throw in-not accurate": 0.0016947157075436745, "Free Kick-Penalty-not accurate": 0.001942164305197378, "Pass-Launch-not accurate": 0.002048814598696981, "Others on the ball-Touch-opportunity": 0.0020763883864571976, "Others on the ball-Acceleration-accurate": 0.00229348965528166, "Free Kick-Corner-not accurate": 0.0024572731494971406, "Pass-Smart pass-accurate": 0.002562382815498849, "Others on the ball-Touch-feint": 0.0025774489782416365, "Free Kick-Corner-accurate": 0.0031881531624063267, "Others on the ball-Clearance-not accurate": 0.0032278196333900976, "Pass-Smart pass-key pass": 0.0037896031118194395, "Pass-Simple pass-key pass": 0.004653821838997562, "Pass-Head pass-key pass": 0.005510746861552216, "Others on the ball-Touch-counter attack": 0.005730317075117457, "Free Kick-Free Kick-not accurate": 0.009736402766395058, "Shot-Shot-accurate": 0.018660626534297675, "Free Kick-Free kick shot-accurate": 0.024223829878654745, "Others on the ball-Touch-assist": 0.053436649641162064, "Pass-Smart pass-assist": 0.06133919670606255, "Pass-High pass-assist": 0.07222212090593985, "Free Kick-Penalty": 0.08121943459524429, "Pass-Cross-assist": 0.08235973476768045, "Pass-Simple pass-assist": 0.09246653817477804, "Pass-Head pass-assist": 0.095522181290782, "Pass-Launch-key pass": 0.09740971926307258}