{"Foul-red card": -0.07028498191744147, "Others on the ball-Touch-dangerous ball lost": -0.021667237306402715, "Pass-Hand pass-accurate": -0.014076897023734478, "Pass-High pass-key pass": -0.01304340050493889, "Free Kick-Free kick cross-accurate": -0.009123471371806868, "Foul-yellow card": -0.008353187313067325, "Free Kick-Free kick shot-not accurate": -0.008343728476669041, "Free Kick-Free kick cross-not accurate": -0.008119563801872561, "Duel-Air duel-not accurate": -0.0067451062143540136, "Foul-second yellow card": -0.00555141017512083, "Free Kick-Free Kick-accurate": -0.005301253545156426, "Pass-Cross-key pass": -0.005034017212714881, "Duel-Air duel-accurate": -0.004709382035651057, "Foul": -0.004174293862335533, "Others on the ball-Clearance": -0.003969756846528593, "Pass-Cross-accurate": -0.0036068575764562688, "Pass-Cross-not accurate": -0.0033520720904766823, "Others on the ball-Touch-missed ball": -0.0019071224098025838, "Pass-Head pass-key pass": -0.0017556125305186329, "Free Kick-Penalty-not accurate": -0.0016485514881012136, "Pass-High pass-not accurate": -0.0015234571050810042, "Pass-Head pass-not accurate": -0.0013435150456560833, "Pass-Simple pass-not accurate": -0.0012680555072938728, "Pass-High pass-accurate": -0.0011016733418416555, "Others on the ball-Touch": -0.000966743520887751, "Others on the ball-Touch-opportunity": -0.0008524334706697528, "Others on the ball-Acceleration-not accurate": -0.0008431838277681961, "Others on the ball-Touch-interception": -0.0006182734542104865, "Free Kick-Throw in-accurate": -0.0004172584313412234, "Duel-Ground loose ball duel-accurate": -0.0003459489982322152, "Duel-Ground attacking duel-not accurate": -0.00031899445364423244, "Pass-Head pass-accurate": -0.0002287941939718034, "Pass-Launch-accurate": -3.9432410629132135e-05, "Pass-Simple pass-accurate": 0.00029297251314336337, "Free Kick-Corner-not accurate": 0.00038059293247474875, "Duel-Ground defending duel-not accurate": 0.0004387245546670482, "Free Kick-Throw in-not accurate": 0.0004845715280962876, "Duel-Ground loose ball duel-not accurate": 0.0005954745769169701, "Duel-Ground attacking duel-accurate": 0.0006245838768194481, "Duel-Ground defending duel-accurate": 0.000626993306942745, "Shot-Shot-not accurate": 0.0007650569567667056, "Pass-Smart pass-key pass": 0.0010472703566372001, "Pass-Smart pass-not accurate": 0.0011640393213416878, "Others on the ball-Clearance-accurate": 0.0012643824721436762, "Others on the ball-Touch-counter attack": 0.0024460452581133133, "Pass-Launch-not accurate": 0.002820134158238266, "Others on the ball-Acceleration-accurate": 0.0030400271378602625, "Others on the ball-Touch-feint": 0.003375637729702525, "Pass-Launch-key pass": 0.0034814276981327127, "Pass-Smart pass-accurate": 0.0038046637375329898, "Others on the ball-Clearance-not accurate": 0.0042345011097441685, "Free Kick-Goal kick": 0.004859321002014023, "Free Kick-Corner-accurate": 0.005215329745900975, "Pass-Simple pass-key pass": 0.009336751505153349, "Free Kick-Free Kick-not accurate": 0.010019875294699105, "Shot-Shot-accurate": 0.02713508402957704, "Free Kick-Free kick shot-accurate": 0.03610609804046122, "Pass-Smart pass-assist": 0.05651589585083148, "Pass-High pass-assist": 0.06586387243812573, "Pass-Head pass-assist": 0.08953913174475515, "Others on the ball-Touch-assist": 0.10159406802191001, "Pass-Cross-assist": 0.10592738113361333, "Free Kick-Penalty": 0.11774992458978864, "Pass-Simple pass-assist": 0.12861449991351828}