{"chain-goal-participant": -0.0586735852871327, "chain-turnover-precedes-shot": -0.05615530379595851, "chain-conceded-shot": -0.021707421863112367, "chain-final-action": -0.007223901695829231, "chain-shot-participant": -0.005597124231249163, "chain-turnover-precedes-goal": -0.0027391521611495107, "chain-turnover-final-actor": 0.07069387742845942, "chain-conceded-goal": 0.7772096335371089}