{"chain-turnover-precedes-shot": -0.10342711462144304, "chain-turnover-precedes-goal": -0.07572345742775596, "chain-conceded-shot": 0.014581467177890753, "chain-turnover-final-actor": 0.0914371188920242, "chain-conceded-goal": 0.7148308418808861}