{"Pass-Simple pass-assist": -0.12774634911440175, "Free Kick-Penalty": -0.11702237377753233, "Pass-Cross-assist": -0.10529041770662122, "Others on the ball-Touch-assist": -0.10393532884099227, "Pass-Head pass-assist": -0.08900440145756099, "Pass-High pass-assist": -0.06609893338165884, "Pass-Smart pass-assist": -0.05628212896461652, "Free Kick-Free kick shot-accurate": -0.035701538608946724, "Shot-Shot-accurate": -0.02695758981342789, "Free Kick-Free Kick-not accurate": -0.009910012001556539, "Pass-Simple pass-key pass": -0.009255913624324034, "Free Kick-Corner-accurate": -0.005175256647458518, "Free Kick-Goal kick": -0.005174227652259497, "Others on the ball-Clearance-not accurate": -0.0042041291743436975, "Pass-Smart pass-accurate": -0.0037819294379505676, "Pass-Launch-key pass": -0.00364642914752157, "Others on the ball-Touch-feint": -0.0033637998145497256, "Others on the ball-Acceleration-accurate": -0.003019352688393154, "Pass-Launch-not accurate": -0.0027987275193068492, "Others on the ball-Touch-counter attack": -0.002435845375641577, "Others on the ball-Clearance-accurate": -0.0012569010018996568, "Pass-Smart pass-not accurate": -0.0011547403363630661, "Pass-Smart pass-key pass": -0.0010195712604567214, "Shot-Shot-not accurate": -0.0007624809357130815, "Duel-Ground defending duel-accurate": -0.0006180990765467824, "Duel-Ground attacking duel-accurate": -0.0006152585549466358, "Duel-Ground loose ball duel-not accurate": -0.000606484906535523, "Free Kick-Throw in-not accurate": -0.0004784130034432294, "Duel-Ground defending duel-not accurate": -0.0004312875447795595, "Free Kick-Corner-not accurate": -0.00037120772441483815, "Pass-Simple pass-accurate": -0.0002909422997382495, "Pass-Launch-accurate": 3.4774114491853365e-05, "Pass-Head pass-accurate": 0.00022801673693776222, "Duel-Ground attacking duel-not accurate": 0.00032174050257998825, "Duel-Ground loose ball duel-accurate": 0.0003303038432271994, "Free Kick-Throw in-accurate": 0.00041407425488985977, "Others on the ball-Touch-interception": 0.0006145046235162371, "Others on the ball-Acceleration-not accurate": 0.0008032124264461933, "Others on the ball-Touch-opportunity": 0.0008598055343131024, "Others on the ball-Touch": 0.0009595506285092182, "Pass-High pass-accurate": 0.0010923286106041244, "Pass-Simple pass-not accurate": 0.0012610961740356552, "Pass-Head pass-not accurate": 0.0013360042336538918, "Pass-High pass-not accurate": 0.0015133302781763348, "Pass-Head pass-key pass": 0.0015977368279765634, "Free Kick-Penalty-not accurate": 0.0016323377266407586, "Others on the ball-Touch-missed ball": 0.0018961720698719609, "Pass-Cross-not accurate": 0.003328211485259154, "Pass-Cross-accurate": 0.003583613847890297, "Others on the ball-Clearance": 0.003972556134900966, "Foul": 0.004156859179879004, "Duel-Air duel-accurate": 0.004676312724453295, "Pass-Cross-key pass": 0.005005690820875451, "Free Kick-Free Kick-accurate": 0.005271929739637336, "Foul-second yellow card": 0.005524617015860287, "Duel-Air duel-not accurate": 0.006698107496366872, "Free Kick-Free kick cross-not accurate": 0.008077758035162898, "Foul-yellow card": 0.008299654299674882, "Free Kick-Free kick shot-not accurate": 0.008327307846628754, "Free Kick-Free kick cross-accurate": 0.009074176236724898, "Pass-High pass-key pass": 0.012947324672316855, "Pass-Hand pass-accurate": 0.016499289452639097, "Others on the ball-Touch-dangerous ball lost": 0.021467768896134894, "Foul-red card": 0.06978376213582235}