{"Free Kick-Free Kick-not accurate": -0.05016540960618305, "Pass-Smart pass-not accurate": -0.031765757830086484, "Others on the ball-Acceleration-not accurate": -0.021246687110266237, "Shot-Shot-not accurate": -0.01802892562256811, "Pass-Launch-not accurate": -0.016535529779232554, "Others on the ball-Clearance-not accurate": -0.012876771100080966, "Foul": -0.0012261992709759137, "Duel-Ground loose ball duel-not accurate": 0.0016395434676078685, "Pass-Simple pass-not accurate": 0.0023186947330988104, "Free Kick-Corner-not accurate": 0.004296105956864798, "Duel-Ground attacking duel-not accurate": 0.007630956827047117, "Free Kick-Throw in-not accurate": 0.008287837591897522, "Duel-Ground defending duel-not accurate": 0.008601462781271548, "Others on the ball-Touch-missed ball": 0.009211184303310428, "Pass-Head pass-not accurate": 0.010169591224976189, "Duel-Air duel-not accurate": 0.010851107837618227, "Pass-High pass-not accurate": 0.011746809529269146, "Free Kick-Free kick shot-not accurate": 0.012085016411909953, "Pass-Cross-not accurate": 0.015255646166362592, "Free Kick-Penalty-not accurate": 0.01887426199965506, "Others on the ball-Clearance": 0.030615288667941328, "Foul-yellow card": 0.035671359679819555, "Free Kick-Free kick cross-not accurate": 0.053225169119943495, "Foul-second yellow card": 0.0802491979907984, "Others on the ball-Touch-dangerous ball lost": 0.13657519890438546, "Foul-red card": 0.3908502864868293}